{
    "name": "isloading",
    "title": "Is Loading - Show feedback to your visitors",
    "description": "Easy jQuery plugin to show visual feedback when loading data or any action that would take time. Also can disable form elements and put an overlay an specified area or whole page.",
    "keywords": [
        "loader",
        "loading",
        "overlay",
        "ui",
        "form",
        "post",
        "ajax"
    ],
    "version": "1.0.6",
    "author": {
        "name": "Laurent Blanes"
    },
    "maintainers": [
        {
            "name": "Laurent Blanes",
            "email": "laurent.blanes@gmail.com"
        }
    ],
    "licenses": [
        {
            "type": "MIT",
            "url": "https://github.com/hekigan/is-loading/MIT-LICENSE.txt"
        }
    ],
    "homepage": "https://github.com/hekigan/is-loading/",
    "docs": "http://hekigan.github.io/is-loading/",
    "download": "https://github.com/hekigan/is-loading/",
    "dependencies": {
        "jquery": ">=1.7"
    }
}
